{"cameraMode":{"drawMode":0,"name":"Shaded","section":"Shading Mode"},"sceneLighting":true,"audioPlay":false,"sceneViewState":{"showFog":true,"showMaterialUpdate":false,"showSkybox":true,"showFlares":true,"showImageEffects":true,"showParticleSystems":true},"in2DMode":false,"pivot":{"x":1.1089541912078858,"y":-3.061845302581787,"z":1.88260817527771},"rotation":{"x":-0.3201129734516144,"y":-0.6504031419754028,"z":0.35136696696281435,"w":-0.5925568342208862},"size":32.032352447509769,"orthographic":false}